STNFAM	PART	STNS
Implant_128	part_1	Implant_128#0;Implant_128#10;Implant_128#3;Implant_128#4;Implant_128#6;Implant_128#7;Implant_128#8;Implant_128#9
Implant_128	part_10	Implant_128#0;Implant_128#1;Implant_128#10;Implant_128#3;Implant_128#4;Implant_128#7;Implant_128#8;Implant_128#9
Implant_128	part_2	Implant_128#1;Implant_128#10;Implant_128#2;Implant_128#3;Implant_128#5;Implant_128#6;Implant_128#8;Implant_128#9
Implant_128	part_3	Implant_128#1;Implant_128#10;Implant_128#2;Implant_128#3;Implant_128#4;Implant_128#5;Implant_128#8;Implant_128#9
Implant_128	part_4	Implant_128#0;Implant_128#1;Implant_128#10;Implant_128#2;Implant_128#4;Implant_128#5;Implant_128#6;Implant_128#7
Implant_128	part_5	Implant_128#1;Implant_128#10;Implant_128#3;Implant_128#4;Implant_128#5;Implant_128#7;Implant_128#8;Implant_128#9
Implant_128	part_6	Implant_128#0;Implant_128#2;Implant_128#3;Implant_128#4;Implant_128#6;Implant_128#7;Implant_128#8;Implant_128#9
Implant_128	part_7	Implant_128#0;Implant_128#1;Implant_128#2;Implant_128#4;Implant_128#5;Implant_128#6;Implant_128#7;Implant_128#8
Implant_128	part_8	Implant_128#0;Implant_128#1;Implant_128#10;Implant_128#2;Implant_128#3;Implant_128#5;Implant_128#6;Implant_128#7
Implant_128	part_9	Implant_128#0;Implant_128#1;Implant_128#10;Implant_128#2;Implant_128#3;Implant_128#5;Implant_128#6;Implant_128#9
Implant_132	part_1	Implant_132#0;Implant_132#1;Implant_132#2;Implant_132#5;Implant_132#6
Implant_132	part_10	Implant_132#0;Implant_132#3;Implant_132#4;Implant_132#5;Implant_132#6
Implant_132	part_2	Implant_132#1;Implant_132#2;Implant_132#3;Implant_132#4;Implant_132#5
Implant_132	part_3	Implant_132#0;Implant_132#1;Implant_132#3;Implant_132#4;Implant_132#6
Implant_132	part_4	Implant_132#1;Implant_132#2;Implant_132#4;Implant_132#5;Implant_132#6
Implant_132	part_5	Implant_132#0;Implant_132#1;Implant_132#2;Implant_132#5;Implant_132#6
Implant_132	part_6	Implant_132#1;Implant_132#2;Implant_132#3;Implant_132#4;Implant_132#5
Implant_132	part_7	Implant_132#0;Implant_132#1;Implant_132#2;Implant_132#3;Implant_132#4
Implant_132	part_8	Implant_132#0;Implant_132#2;Implant_132#3;Implant_132#5;Implant_132#6
Implant_132	part_9	Implant_132#0;Implant_132#1;Implant_132#3;Implant_132#4;Implant_132#6
Implant_91	part_1	Implant_91#0;Implant_91#1;Implant_91#2;Implant_91#3;Implant_91#4
Implant_91	part_10	Implant_91#0;Implant_91#1;Implant_91#2;Implant_91#4;Implant_91#6
Implant_91	part_2	Implant_91#0;Implant_91#1;Implant_91#2;Implant_91#4;Implant_91#6
Implant_91	part_3	Implant_91#1;Implant_91#3;Implant_91#4;Implant_91#5;Implant_91#6
Implant_91	part_4	Implant_91#0;Implant_91#1;Implant_91#4;Implant_91#5;Implant_91#6
Implant_91	part_5	Implant_91#0;Implant_91#2;Implant_91#3;Implant_91#5;Implant_91#6
Implant_91	part_6	Implant_91#1;Implant_91#2;Implant_91#3;Implant_91#5;Implant_91#6
Implant_91	part_7	Implant_91#0;Implant_91#2;Implant_91#3;Implant_91#4;Implant_91#5
Implant_91	part_8	Implant_91#1;Implant_91#3;Implant_91#4;Implant_91#5;Implant_91#6
Implant_91	part_9	Implant_91#0;Implant_91#2;Implant_91#3;Implant_91#5;Implant_91#6
LithoTrack_BE_117	part_1	LithoTrack_BE_117#0;LithoTrack_BE_117#2;LithoTrack_BE_117#3;LithoTrack_BE_117#4
LithoTrack_BE_117	part_10	LithoTrack_BE_117#0;LithoTrack_BE_117#1;LithoTrack_BE_117#2;LithoTrack_BE_117#4
LithoTrack_BE_117	part_2	LithoTrack_BE_117#0;LithoTrack_BE_117#1;LithoTrack_BE_117#2;LithoTrack_BE_117#3
LithoTrack_BE_117	part_3	LithoTrack_BE_117#0;LithoTrack_BE_117#1;LithoTrack_BE_117#2;LithoTrack_BE_117#3
LithoTrack_BE_117	part_4	LithoTrack_BE_117#0;LithoTrack_BE_117#1;LithoTrack_BE_117#3;LithoTrack_BE_117#4
LithoTrack_BE_117	part_5	LithoTrack_BE_117#0;LithoTrack_BE_117#2;LithoTrack_BE_117#3;LithoTrack_BE_117#4
LithoTrack_BE_117	part_6	LithoTrack_BE_117#0;LithoTrack_BE_117#1;LithoTrack_BE_117#2;LithoTrack_BE_117#4
LithoTrack_BE_117	part_7	LithoTrack_BE_117#0;LithoTrack_BE_117#1;LithoTrack_BE_117#3;LithoTrack_BE_117#4
LithoTrack_BE_117	part_8	LithoTrack_BE_117#1;LithoTrack_BE_117#2;LithoTrack_BE_117#3;LithoTrack_BE_117#4
LithoTrack_BE_117	part_9	LithoTrack_BE_117#1;LithoTrack_BE_117#2;LithoTrack_BE_117#3;LithoTrack_BE_117#4
LithoTrack_FE_115	part_1	LithoTrack_FE_115#0;LithoTrack_FE_115#10;LithoTrack_FE_115#12;LithoTrack_FE_115#15;LithoTrack_FE_115#16;LithoTrack_FE_115#18;LithoTrack_FE_115#19;LithoTrack_FE_115#21;LithoTrack_FE_115#22;LithoTrack_FE_115#24;LithoTrack_FE_115#25;LithoTrack_FE_115#26;LithoTrack_FE_115#28;LithoTrack_FE_115#3;LithoTrack_FE_115#30;LithoTrack_FE_115#31;LithoTrack_FE_115#32;LithoTrack_FE_115#33;LithoTrack_FE_115#34;LithoTrack_FE_115#35;LithoTrack_FE_115#37;LithoTrack_FE_115#39;LithoTrack_FE_115#4;LithoTrack_FE_115#40;LithoTrack_FE_115#5;LithoTrack_FE_115#6;LithoTrack_FE_115#7;LithoTrack_FE_115#8;LithoTrack_FE_115#9
LithoTrack_FE_115	part_10	LithoTrack_FE_115#0;LithoTrack_FE_115#1;LithoTrack_FE_115#10;LithoTrack_FE_115#12;LithoTrack_FE_115#13;LithoTrack_FE_115#15;LithoTrack_FE_115#16;LithoTrack_FE_115#17;LithoTrack_FE_115#18;LithoTrack_FE_115#2;LithoTrack_FE_115#21;LithoTrack_FE_115#22;LithoTrack_FE_115#24;LithoTrack_FE_115#26;LithoTrack_FE_115#28;LithoTrack_FE_115#3;LithoTrack_FE_115#30;LithoTrack_FE_115#31;LithoTrack_FE_115#32;LithoTrack_FE_115#33;LithoTrack_FE_115#35;LithoTrack_FE_115#38;LithoTrack_FE_115#39;LithoTrack_FE_115#4;LithoTrack_FE_115#5;LithoTrack_FE_115#6;LithoTrack_FE_115#7;LithoTrack_FE_115#8;LithoTrack_FE_115#9
LithoTrack_FE_115	part_2	LithoTrack_FE_115#1;LithoTrack_FE_115#10;LithoTrack_FE_115#11;LithoTrack_FE_115#13;LithoTrack_FE_115#14;LithoTrack_FE_115#15;LithoTrack_FE_115#17;LithoTrack_FE_115#18;LithoTrack_FE_115#19;LithoTrack_FE_115#2;LithoTrack_FE_115#20;LithoTrack_FE_115#21;LithoTrack_FE_115#23;LithoTrack_FE_115#24;LithoTrack_FE_115#25;LithoTrack_FE_115#26;LithoTrack_FE_115#27;LithoTrack_FE_115#28;LithoTrack_FE_115#29;LithoTrack_FE_115#32;LithoTrack_FE_115#34;LithoTrack_FE_115#35;LithoTrack_FE_115#36;LithoTrack_FE_115#37;LithoTrack_FE_115#38;LithoTrack_FE_115#39;LithoTrack_FE_115#4;LithoTrack_FE_115#40;LithoTrack_FE_115#7
LithoTrack_FE_115	part_3	LithoTrack_FE_115#0;LithoTrack_FE_115#10;LithoTrack_FE_115#12;LithoTrack_FE_115#14;LithoTrack_FE_115#16;LithoTrack_FE_115#18;LithoTrack_FE_115#19;LithoTrack_FE_115#21;LithoTrack_FE_115#22;LithoTrack_FE_115#23;LithoTrack_FE_115#24;LithoTrack_FE_115#25;LithoTrack_FE_115#26;LithoTrack_FE_115#28;LithoTrack_FE_115#3;LithoTrack_FE_115#30;LithoTrack_FE_115#31;LithoTrack_FE_115#32;LithoTrack_FE_115#33;LithoTrack_FE_115#34;LithoTrack_FE_115#37;LithoTrack_FE_115#39;LithoTrack_FE_115#4;LithoTrack_FE_115#40;LithoTrack_FE_115#5;LithoTrack_FE_115#6;LithoTrack_FE_115#7;LithoTrack_FE_115#8;LithoTrack_FE_115#9
LithoTrack_FE_115	part_4	LithoTrack_FE_115#0;LithoTrack_FE_115#11;LithoTrack_FE_115#12;LithoTrack_FE_115#14;LithoTrack_FE_115#16;LithoTrack_FE_115#18;LithoTrack_FE_115#19;LithoTrack_FE_115#20;LithoTrack_FE_115#21;LithoTrack_FE_115#22;LithoTrack_FE_115#23;LithoTrack_FE_115#25;LithoTrack_FE_115#27;LithoTrack_FE_115#28;LithoTrack_FE_115#29;LithoTrack_FE_115#3;LithoTrack_FE_115#30;LithoTrack_FE_115#31;LithoTrack_FE_115#33;LithoTrack_FE_115#34;LithoTrack_FE_115#36;LithoTrack_FE_115#37;LithoTrack_FE_115#4;LithoTrack_FE_115#40;LithoTrack_FE_115#5;LithoTrack_FE_115#6;LithoTrack_FE_115#7;LithoTrack_FE_115#8;LithoTrack_FE_115#9
LithoTrack_FE_115	part_5	LithoTrack_FE_115#1;LithoTrack_FE_115#10;LithoTrack_FE_115#11;LithoTrack_FE_115#13;LithoTrack_FE_115#14;LithoTrack_FE_115#15;LithoTrack_FE_115#17;LithoTrack_FE_115#18;LithoTrack_FE_115#2;LithoTrack_FE_115#20;LithoTrack_FE_115#21;LithoTrack_FE_115#23;LithoTrack_FE_115#24;LithoTrack_FE_115#26;LithoTrack_FE_115#27;LithoTrack_FE_115#28;LithoTrack_FE_115#29;LithoTrack_FE_115#31;LithoTrack_FE_115#32;LithoTrack_FE_115#33;LithoTrack_FE_115#35;LithoTrack_FE_115#36;LithoTrack_FE_115#38;LithoTrack_FE_115#39;LithoTrack_FE_115#4;LithoTrack_FE_115#6;LithoTrack_FE_115#7;LithoTrack_FE_115#8;LithoTrack_FE_115#9
LithoTrack_FE_115	part_6	LithoTrack_FE_115#0;LithoTrack_FE_115#1;LithoTrack_FE_115#11;LithoTrack_FE_115#12;LithoTrack_FE_115#13;LithoTrack_FE_115#14;LithoTrack_FE_115#15;LithoTrack_FE_115#16;LithoTrack_FE_115#17;LithoTrack_FE_115#19;LithoTrack_FE_115#2;LithoTrack_FE_115#20;LithoTrack_FE_115#22;LithoTrack_FE_115#23;LithoTrack_FE_115#25;LithoTrack_FE_115#27;LithoTrack_FE_115#29;LithoTrack_FE_115#3;LithoTrack_FE_115#30;LithoTrack_FE_115#34;LithoTrack_FE_115#35;LithoTrack_FE_115#36;LithoTrack_FE_115#37;LithoTrack_FE_115#38;LithoTrack_FE_115#40;LithoTrack_FE_115#5;LithoTrack_FE_115#6;LithoTrack_FE_115#8;LithoTrack_FE_115#9
LithoTrack_FE_115	part_7	LithoTrack_FE_115#0;LithoTrack_FE_115#1;LithoTrack_FE_115#11;LithoTrack_FE_115#12;LithoTrack_FE_115#13;LithoTrack_FE_115#14;LithoTrack_FE_115#16;LithoTrack_FE_115#17;LithoTrack_FE_115#19;LithoTrack_FE_115#2;LithoTrack_FE_115#20;LithoTrack_FE_115#22;LithoTrack_FE_115#23;LithoTrack_FE_115#25;LithoTrack_FE_115#27;LithoTrack_FE_115#29;LithoTrack_FE_115#3;LithoTrack_FE_115#30;LithoTrack_FE_115#31;LithoTrack_FE_115#33;LithoTrack_FE_115#34;LithoTrack_FE_115#36;LithoTrack_FE_115#37;LithoTrack_FE_115#38;LithoTrack_FE_115#40;LithoTrack_FE_115#5;LithoTrack_FE_115#6;LithoTrack_FE_115#8;LithoTrack_FE_115#9
LithoTrack_FE_115	part_8	LithoTrack_FE_115#0;LithoTrack_FE_115#1;LithoTrack_FE_115#10;LithoTrack_FE_115#11;LithoTrack_FE_115#12;LithoTrack_FE_115#13;LithoTrack_FE_115#14;LithoTrack_FE_115#15;LithoTrack_FE_115#16;LithoTrack_FE_115#17;LithoTrack_FE_115#19;LithoTrack_FE_115#2;LithoTrack_FE_115#20;LithoTrack_FE_115#23;LithoTrack_FE_115#24;LithoTrack_FE_115#25;LithoTrack_FE_115#26;LithoTrack_FE_115#27;LithoTrack_FE_115#29;LithoTrack_FE_115#30;LithoTrack_FE_115#32;LithoTrack_FE_115#34;LithoTrack_FE_115#35;LithoTrack_FE_115#36;LithoTrack_FE_115#37;LithoTrack_FE_115#38;LithoTrack_FE_115#39;LithoTrack_FE_115#40;LithoTrack_FE_115#5
LithoTrack_FE_115	part_9	LithoTrack_FE_115#1;LithoTrack_FE_115#10;LithoTrack_FE_115#11;LithoTrack_FE_115#13;LithoTrack_FE_115#15;LithoTrack_FE_115#17;LithoTrack_FE_115#18;LithoTrack_FE_115#2;LithoTrack_FE_115#20;LithoTrack_FE_115#21;LithoTrack_FE_115#22;LithoTrack_FE_115#24;LithoTrack_FE_115#26;LithoTrack_FE_115#27;LithoTrack_FE_115#28;LithoTrack_FE_115#29;LithoTrack_FE_115#3;LithoTrack_FE_115#31;LithoTrack_FE_115#32;LithoTrack_FE_115#33;LithoTrack_FE_115#35;LithoTrack_FE_115#36;LithoTrack_FE_115#38;LithoTrack_FE_115#39;LithoTrack_FE_115#4;LithoTrack_FE_115#6;LithoTrack_FE_115#7;LithoTrack_FE_115#8;LithoTrack_FE_115#9
LithoTrack_FE_95	part_1	LithoTrack_FE_95#0;LithoTrack_FE_95#1;LithoTrack_FE_95#10;LithoTrack_FE_95#11;LithoTrack_FE_95#12;LithoTrack_FE_95#14;LithoTrack_FE_95#16;LithoTrack_FE_95#17;LithoTrack_FE_95#19;LithoTrack_FE_95#2;LithoTrack_FE_95#21;LithoTrack_FE_95#22;LithoTrack_FE_95#23;LithoTrack_FE_95#24;LithoTrack_FE_95#26;LithoTrack_FE_95#27;LithoTrack_FE_95#28;LithoTrack_FE_95#29;LithoTrack_FE_95#3;LithoTrack_FE_95#30;LithoTrack_FE_95#32;LithoTrack_FE_95#33;LithoTrack_FE_95#34;LithoTrack_FE_95#37;LithoTrack_FE_95#38;LithoTrack_FE_95#39;LithoTrack_FE_95#4;LithoTrack_FE_95#7
LithoTrack_FE_95	part_10	LithoTrack_FE_95#10;LithoTrack_FE_95#11;LithoTrack_FE_95#12;LithoTrack_FE_95#13;LithoTrack_FE_95#14;LithoTrack_FE_95#15;LithoTrack_FE_95#17;LithoTrack_FE_95#18;LithoTrack_FE_95#2;LithoTrack_FE_95#20;LithoTrack_FE_95#22;LithoTrack_FE_95#25;LithoTrack_FE_95#26;LithoTrack_FE_95#27;LithoTrack_FE_95#28;LithoTrack_FE_95#29;LithoTrack_FE_95#31;LithoTrack_FE_95#34;LithoTrack_FE_95#35;LithoTrack_FE_95#36;LithoTrack_FE_95#37;LithoTrack_FE_95#39;LithoTrack_FE_95#4;LithoTrack_FE_95#5;LithoTrack_FE_95#6;LithoTrack_FE_95#7;LithoTrack_FE_95#8;LithoTrack_FE_95#9
LithoTrack_FE_95	part_2	LithoTrack_FE_95#0;LithoTrack_FE_95#1;LithoTrack_FE_95#11;LithoTrack_FE_95#13;LithoTrack_FE_95#15;LithoTrack_FE_95#16;LithoTrack_FE_95#18;LithoTrack_FE_95#19;LithoTrack_FE_95#2;LithoTrack_FE_95#20;LithoTrack_FE_95#21;LithoTrack_FE_95#22;LithoTrack_FE_95#23;LithoTrack_FE_95#24;LithoTrack_FE_95#26;LithoTrack_FE_95#27;LithoTrack_FE_95#29;LithoTrack_FE_95#3;LithoTrack_FE_95#30;LithoTrack_FE_95#32;LithoTrack_FE_95#33;LithoTrack_FE_95#34;LithoTrack_FE_95#36;LithoTrack_FE_95#38;LithoTrack_FE_95#6;LithoTrack_FE_95#7;LithoTrack_FE_95#8;LithoTrack_FE_95#9
LithoTrack_FE_95	part_3	LithoTrack_FE_95#0;LithoTrack_FE_95#1;LithoTrack_FE_95#11;LithoTrack_FE_95#16;LithoTrack_FE_95#19;LithoTrack_FE_95#2;LithoTrack_FE_95#20;LithoTrack_FE_95#21;LithoTrack_FE_95#22;LithoTrack_FE_95#23;LithoTrack_FE_95#24;LithoTrack_FE_95#26;LithoTrack_FE_95#27;LithoTrack_FE_95#28;LithoTrack_FE_95#29;LithoTrack_FE_95#3;LithoTrack_FE_95#30;LithoTrack_FE_95#32;LithoTrack_FE_95#33;LithoTrack_FE_95#34;LithoTrack_FE_95#36;LithoTrack_FE_95#37;LithoTrack_FE_95#38;LithoTrack_FE_95#39;LithoTrack_FE_95#4;LithoTrack_FE_95#6;LithoTrack_FE_95#7;LithoTrack_FE_95#9
LithoTrack_FE_95	part_4	LithoTrack_FE_95#1;LithoTrack_FE_95#10;LithoTrack_FE_95#11;LithoTrack_FE_95#12;LithoTrack_FE_95#13;LithoTrack_FE_95#14;LithoTrack_FE_95#15;LithoTrack_FE_95#17;LithoTrack_FE_95#18;LithoTrack_FE_95#19;LithoTrack_FE_95#20;LithoTrack_FE_95#22;LithoTrack_FE_95#23;LithoTrack_FE_95#24;LithoTrack_FE_95#25;LithoTrack_FE_95#27;LithoTrack_FE_95#28;LithoTrack_FE_95#31;LithoTrack_FE_95#34;LithoTrack_FE_95#35;LithoTrack_FE_95#36;LithoTrack_FE_95#37;LithoTrack_FE_95#39;LithoTrack_FE_95#4;LithoTrack_FE_95#5;LithoTrack_FE_95#6;LithoTrack_FE_95#8;LithoTrack_FE_95#9
LithoTrack_FE_95	part_5	LithoTrack_FE_95#0;LithoTrack_FE_95#1;LithoTrack_FE_95#10;LithoTrack_FE_95#12;LithoTrack_FE_95#13;LithoTrack_FE_95#14;LithoTrack_FE_95#15;LithoTrack_FE_95#17;LithoTrack_FE_95#18;LithoTrack_FE_95#19;LithoTrack_FE_95#20;LithoTrack_FE_95#21;LithoTrack_FE_95#23;LithoTrack_FE_95#24;LithoTrack_FE_95#25;LithoTrack_FE_95#28;LithoTrack_FE_95#30;LithoTrack_FE_95#31;LithoTrack_FE_95#35;LithoTrack_FE_95#36;LithoTrack_FE_95#37;LithoTrack_FE_95#38;LithoTrack_FE_95#39;LithoTrack_FE_95#4;LithoTrack_FE_95#5;LithoTrack_FE_95#6;LithoTrack_FE_95#8;LithoTrack_FE_95#9
LithoTrack_FE_95	part_6	LithoTrack_FE_95#0;LithoTrack_FE_95#1;LithoTrack_FE_95#13;LithoTrack_FE_95#15;LithoTrack_FE_95#16;LithoTrack_FE_95#18;LithoTrack_FE_95#19;LithoTrack_FE_95#2;LithoTrack_FE_95#20;LithoTrack_FE_95#21;LithoTrack_FE_95#23;LithoTrack_FE_95#24;LithoTrack_FE_95#25;LithoTrack_FE_95#26;LithoTrack_FE_95#29;LithoTrack_FE_95#3;LithoTrack_FE_95#30;LithoTrack_FE_95#31;LithoTrack_FE_95#32;LithoTrack_FE_95#33;LithoTrack_FE_95#35;LithoTrack_FE_95#36;LithoTrack_FE_95#38;LithoTrack_FE_95#5;LithoTrack_FE_95#6;LithoTrack_FE_95#7;LithoTrack_FE_95#8;LithoTrack_FE_95#9
LithoTrack_FE_95	part_7	LithoTrack_FE_95#0;LithoTrack_FE_95#1;LithoTrack_FE_95#10;LithoTrack_FE_95#12;LithoTrack_FE_95#13;LithoTrack_FE_95#14;LithoTrack_FE_95#15;LithoTrack_FE_95#16;LithoTrack_FE_95#17;LithoTrack_FE_95#18;LithoTrack_FE_95#19;LithoTrack_FE_95#20;LithoTrack_FE_95#21;LithoTrack_FE_95#23;LithoTrack_FE_95#24;LithoTrack_FE_95#25;LithoTrack_FE_95#3;LithoTrack_FE_95#30;LithoTrack_FE_95#31;LithoTrack_FE_95#32;LithoTrack_FE_95#33;LithoTrack_FE_95#35;LithoTrack_FE_95#36;LithoTrack_FE_95#38;LithoTrack_FE_95#5;LithoTrack_FE_95#6;LithoTrack_FE_95#8;LithoTrack_FE_95#9
LithoTrack_FE_95	part_8	LithoTrack_FE_95#0;LithoTrack_FE_95#10;LithoTrack_FE_95#11;LithoTrack_FE_95#12;LithoTrack_FE_95#14;LithoTrack_FE_95#16;LithoTrack_FE_95#17;LithoTrack_FE_95#2;LithoTrack_FE_95#21;LithoTrack_FE_95#22;LithoTrack_FE_95#25;LithoTrack_FE_95#26;LithoTrack_FE_95#27;LithoTrack_FE_95#28;LithoTrack_FE_95#29;LithoTrack_FE_95#3;LithoTrack_FE_95#30;LithoTrack_FE_95#31;LithoTrack_FE_95#32;LithoTrack_FE_95#33;LithoTrack_FE_95#34;LithoTrack_FE_95#35;LithoTrack_FE_95#37;LithoTrack_FE_95#38;LithoTrack_FE_95#39;LithoTrack_FE_95#4;LithoTrack_FE_95#5;LithoTrack_FE_95#7
LithoTrack_FE_95	part_9	LithoTrack_FE_95#10;LithoTrack_FE_95#11;LithoTrack_FE_95#12;LithoTrack_FE_95#13;LithoTrack_FE_95#14;LithoTrack_FE_95#15;LithoTrack_FE_95#16;LithoTrack_FE_95#17;LithoTrack_FE_95#18;LithoTrack_FE_95#2;LithoTrack_FE_95#22;LithoTrack_FE_95#25;LithoTrack_FE_95#26;LithoTrack_FE_95#27;LithoTrack_FE_95#28;LithoTrack_FE_95#29;LithoTrack_FE_95#3;LithoTrack_FE_95#31;LithoTrack_FE_95#32;LithoTrack_FE_95#33;LithoTrack_FE_95#34;LithoTrack_FE_95#35;LithoTrack_FE_95#37;LithoTrack_FE_95#39;LithoTrack_FE_95#4;LithoTrack_FE_95#5;LithoTrack_FE_95#7;LithoTrack_FE_95#8
Litho_BE_110	part_1	Litho_BE_110#0;Litho_BE_110#10;Litho_BE_110#11;Litho_BE_110#13;Litho_BE_110#14;Litho_BE_110#16;Litho_BE_110#17;Litho_BE_110#18;Litho_BE_110#19;Litho_BE_110#2;Litho_BE_110#4;Litho_BE_110#5;Litho_BE_110#6;Litho_BE_110#7;Litho_BE_110#8;Litho_BE_110#9
Litho_BE_110	part_10	Litho_BE_110#0;Litho_BE_110#1;Litho_BE_110#10;Litho_BE_110#14;Litho_BE_110#15;Litho_BE_110#16;Litho_BE_110#19;Litho_BE_110#2;Litho_BE_110#20;Litho_BE_110#21;Litho_BE_110#22;Litho_BE_110#3;Litho_BE_110#5;Litho_BE_110#6;Litho_BE_110#7;Litho_BE_110#8
Litho_BE_110	part_2	Litho_BE_110#0;Litho_BE_110#10;Litho_BE_110#11;Litho_BE_110#12;Litho_BE_110#13;Litho_BE_110#14;Litho_BE_110#15;Litho_BE_110#17;Litho_BE_110#18;Litho_BE_110#21;Litho_BE_110#22;Litho_BE_110#3;Litho_BE_110#4;Litho_BE_110#5;Litho_BE_110#8;Litho_BE_110#9
Litho_BE_110	part_3	Litho_BE_110#1;Litho_BE_110#11;Litho_BE_110#12;Litho_BE_110#13;Litho_BE_110#15;Litho_BE_110#16;Litho_BE_110#17;Litho_BE_110#18;Litho_BE_110#19;Litho_BE_110#20;Litho_BE_110#21;Litho_BE_110#22;Litho_BE_110#3;Litho_BE_110#4;Litho_BE_110#6;Litho_BE_110#9
Litho_BE_110	part_4	Litho_BE_110#0;Litho_BE_110#1;Litho_BE_110#10;Litho_BE_110#14;Litho_BE_110#16;Litho_BE_110#17;Litho_BE_110#18;Litho_BE_110#19;Litho_BE_110#2;Litho_BE_110#20;Litho_BE_110#4;Litho_BE_110#5;Litho_BE_110#6;Litho_BE_110#7;Litho_BE_110#8;Litho_BE_110#9
Litho_BE_110	part_5	Litho_BE_110#1;Litho_BE_110#11;Litho_BE_110#12;Litho_BE_110#13;Litho_BE_110#15;Litho_BE_110#16;Litho_BE_110#18;Litho_BE_110#19;Litho_BE_110#2;Litho_BE_110#20;Litho_BE_110#21;Litho_BE_110#22;Litho_BE_110#3;Litho_BE_110#6;Litho_BE_110#7;Litho_BE_110#9
Litho_BE_110	part_6	Litho_BE_110#0;Litho_BE_110#10;Litho_BE_110#11;Litho_BE_110#12;Litho_BE_110#13;Litho_BE_110#14;Litho_BE_110#17;Litho_BE_110#18;Litho_BE_110#2;Litho_BE_110#21;Litho_BE_110#22;Litho_BE_110#4;Litho_BE_110#5;Litho_BE_110#7;Litho_BE_110#8;Litho_BE_110#9
Litho_BE_110	part_7	Litho_BE_110#0;Litho_BE_110#1;Litho_BE_110#10;Litho_BE_110#11;Litho_BE_110#12;Litho_BE_110#13;Litho_BE_110#15;Litho_BE_110#17;Litho_BE_110#18;Litho_BE_110#20;Litho_BE_110#21;Litho_BE_110#22;Litho_BE_110#3;Litho_BE_110#4;Litho_BE_110#8;Litho_BE_110#9
Litho_BE_110	part_8	Litho_BE_110#1;Litho_BE_110#11;Litho_BE_110#12;Litho_BE_110#13;Litho_BE_110#14;Litho_BE_110#15;Litho_BE_110#16;Litho_BE_110#19;Litho_BE_110#2;Litho_BE_110#20;Litho_BE_110#21;Litho_BE_110#22;Litho_BE_110#3;Litho_BE_110#5;Litho_BE_110#6;Litho_BE_110#7
Litho_BE_110	part_9	Litho_BE_110#0;Litho_BE_110#1;Litho_BE_110#10;Litho_BE_110#14;Litho_BE_110#15;Litho_BE_110#16;Litho_BE_110#17;Litho_BE_110#19;Litho_BE_110#2;Litho_BE_110#20;Litho_BE_110#3;Litho_BE_110#4;Litho_BE_110#5;Litho_BE_110#6;Litho_BE_110#7;Litho_BE_110#8
Litho_BE_93	part_1	Litho_BE_93#0;Litho_BE_93#1;Litho_BE_93#2
Litho_BE_93	part_10	Litho_BE_93#0;Litho_BE_93#2;Litho_BE_93#3
Litho_BE_93	part_2	Litho_BE_93#1;Litho_BE_93#2;Litho_BE_93#3
Litho_BE_93	part_3	Litho_BE_93#0;Litho_BE_93#1;Litho_BE_93#3
Litho_BE_93	part_4	Litho_BE_93#0;Litho_BE_93#1;Litho_BE_93#3
Litho_BE_93	part_5	Litho_BE_93#0;Litho_BE_93#1;Litho_BE_93#2
Litho_BE_93	part_6	Litho_BE_93#1;Litho_BE_93#2;Litho_BE_93#3
Litho_BE_93	part_7	Litho_BE_93#1;Litho_BE_93#2;Litho_BE_93#3
Litho_BE_93	part_8	Litho_BE_93#0;Litho_BE_93#2;Litho_BE_93#3
Litho_BE_93	part_9	Litho_BE_93#0;Litho_BE_93#1;Litho_BE_93#2
Litho_BE_99	part_1	Litho_BE_99#0;Litho_BE_99#2
Litho_BE_99	part_10	Litho_BE_99#0;Litho_BE_99#1
Litho_BE_99	part_2	Litho_BE_99#1;Litho_BE_99#2
Litho_BE_99	part_3	Litho_BE_99#0;Litho_BE_99#1
Litho_BE_99	part_4	Litho_BE_99#1;Litho_BE_99#2
Litho_BE_99	part_5	Litho_BE_99#1;Litho_BE_99#2
Litho_BE_99	part_6	Litho_BE_99#0;Litho_BE_99#1
Litho_BE_99	part_7	Litho_BE_99#0;Litho_BE_99#1
Litho_BE_99	part_8	Litho_BE_99#0;Litho_BE_99#2
Litho_BE_99	part_9	Litho_BE_99#0;Litho_BE_99#2
Litho_FE_111	part_1	Litho_FE_111#0;Litho_FE_111#1;Litho_FE_111#10;Litho_FE_111#12;Litho_FE_111#13;Litho_FE_111#15;Litho_FE_111#16;Litho_FE_111#18;Litho_FE_111#2;Litho_FE_111#4;Litho_FE_111#6;Litho_FE_111#7;Litho_FE_111#8;Litho_FE_111#9
Litho_FE_111	part_10	Litho_FE_111#10;Litho_FE_111#11;Litho_FE_111#13;Litho_FE_111#14;Litho_FE_111#15;Litho_FE_111#16;Litho_FE_111#17;Litho_FE_111#18;Litho_FE_111#19;Litho_FE_111#2;Litho_FE_111#3;Litho_FE_111#5;Litho_FE_111#8;Litho_FE_111#9
Litho_FE_111	part_2	Litho_FE_111#1;Litho_FE_111#10;Litho_FE_111#11;Litho_FE_111#12;Litho_FE_111#14;Litho_FE_111#17;Litho_FE_111#18;Litho_FE_111#19;Litho_FE_111#2;Litho_FE_111#3;Litho_FE_111#4;Litho_FE_111#5;Litho_FE_111#7;Litho_FE_111#8
Litho_FE_111	part_3	Litho_FE_111#10;Litho_FE_111#11;Litho_FE_111#12;Litho_FE_111#14;Litho_FE_111#16;Litho_FE_111#17;Litho_FE_111#18;Litho_FE_111#19;Litho_FE_111#2;Litho_FE_111#3;Litho_FE_111#5;Litho_FE_111#7;Litho_FE_111#8;Litho_FE_111#9
Litho_FE_111	part_4	Litho_FE_111#0;Litho_FE_111#1;Litho_FE_111#10;Litho_FE_111#11;Litho_FE_111#12;Litho_FE_111#14;Litho_FE_111#17;Litho_FE_111#18;Litho_FE_111#19;Litho_FE_111#3;Litho_FE_111#4;Litho_FE_111#5;Litho_FE_111#6;Litho_FE_111#7
Litho_FE_111	part_5	Litho_FE_111#0;Litho_FE_111#11;Litho_FE_111#13;Litho_FE_111#14;Litho_FE_111#15;Litho_FE_111#16;Litho_FE_111#17;Litho_FE_111#19;Litho_FE_111#2;Litho_FE_111#3;Litho_FE_111#5;Litho_FE_111#6;Litho_FE_111#8;Litho_FE_111#9
Litho_FE_111	part_6	Litho_FE_111#0;Litho_FE_111#1;Litho_FE_111#11;Litho_FE_111#12;Litho_FE_111#13;Litho_FE_111#14;Litho_FE_111#15;Litho_FE_111#16;Litho_FE_111#2;Litho_FE_111#4;Litho_FE_111#6;Litho_FE_111#7;Litho_FE_111#8;Litho_FE_111#9
Litho_FE_111	part_7	Litho_FE_111#0;Litho_FE_111#1;Litho_FE_111#10;Litho_FE_111#12;Litho_FE_111#13;Litho_FE_111#15;Litho_FE_111#16;Litho_FE_111#18;Litho_FE_111#19;Litho_FE_111#3;Litho_FE_111#4;Litho_FE_111#6;Litho_FE_111#7;Litho_FE_111#9
Litho_FE_111	part_8	Litho_FE_111#0;Litho_FE_111#1;Litho_FE_111#10;Litho_FE_111#12;Litho_FE_111#13;Litho_FE_111#15;Litho_FE_111#17;Litho_FE_111#18;Litho_FE_111#19;Litho_FE_111#3;Litho_FE_111#4;Litho_FE_111#5;Litho_FE_111#6;Litho_FE_111#7
Litho_FE_111	part_9	Litho_FE_111#0;Litho_FE_111#1;Litho_FE_111#11;Litho_FE_111#13;Litho_FE_111#14;Litho_FE_111#15;Litho_FE_111#16;Litho_FE_111#17;Litho_FE_111#2;Litho_FE_111#4;Litho_FE_111#5;Litho_FE_111#6;Litho_FE_111#8;Litho_FE_111#9
Litho_FE_92	part_1	Litho_FE_92#0;Litho_FE_92#1;Litho_FE_92#12;Litho_FE_92#13;Litho_FE_92#15;Litho_FE_92#16;Litho_FE_92#17;Litho_FE_92#18;Litho_FE_92#2;Litho_FE_92#20;Litho_FE_92#21;Litho_FE_92#23;Litho_FE_92#25;Litho_FE_92#3;Litho_FE_92#4;Litho_FE_92#5;Litho_FE_92#7;Litho_FE_92#9
Litho_FE_92	part_10	Litho_FE_92#0;Litho_FE_92#1;Litho_FE_92#10;Litho_FE_92#11;Litho_FE_92#13;Litho_FE_92#14;Litho_FE_92#17;Litho_FE_92#18;Litho_FE_92#19;Litho_FE_92#21;Litho_FE_92#22;Litho_FE_92#23;Litho_FE_92#24;Litho_FE_92#25;Litho_FE_92#4;Litho_FE_92#6;Litho_FE_92#8;Litho_FE_92#9
Litho_FE_92	part_2	Litho_FE_92#1;Litho_FE_92#10;Litho_FE_92#11;Litho_FE_92#14;Litho_FE_92#15;Litho_FE_92#17;Litho_FE_92#19;Litho_FE_92#2;Litho_FE_92#21;Litho_FE_92#22;Litho_FE_92#23;Litho_FE_92#24;Litho_FE_92#25;Litho_FE_92#3;Litho_FE_92#4;Litho_FE_92#6;Litho_FE_92#7;Litho_FE_92#8
Litho_FE_92	part_3	Litho_FE_92#0;Litho_FE_92#1;Litho_FE_92#10;Litho_FE_92#12;Litho_FE_92#13;Litho_FE_92#15;Litho_FE_92#16;Litho_FE_92#17;Litho_FE_92#18;Litho_FE_92#2;Litho_FE_92#20;Litho_FE_92#24;Litho_FE_92#25;Litho_FE_92#3;Litho_FE_92#4;Litho_FE_92#5;Litho_FE_92#7;Litho_FE_92#9
Litho_FE_92	part_4	Litho_FE_92#10;Litho_FE_92#11;Litho_FE_92#12;Litho_FE_92#14;Litho_FE_92#15;Litho_FE_92#16;Litho_FE_92#19;Litho_FE_92#2;Litho_FE_92#20;Litho_FE_92#21;Litho_FE_92#22;Litho_FE_92#23;Litho_FE_92#24;Litho_FE_92#3;Litho_FE_92#5;Litho_FE_92#6;Litho_FE_92#7;Litho_FE_92#8
Litho_FE_92	part_5	Litho_FE_92#1;Litho_FE_92#10;Litho_FE_92#11;Litho_FE_92#14;Litho_FE_92#15;Litho_FE_92#16;Litho_FE_92#19;Litho_FE_92#2;Litho_FE_92#20;Litho_FE_92#21;Litho_FE_92#22;Litho_FE_92#23;Litho_FE_92#24;Litho_FE_92#3;Litho_FE_92#4;Litho_FE_92#6;Litho_FE_92#7;Litho_FE_92#8
Litho_FE_92	part_6	Litho_FE_92#0;Litho_FE_92#1;Litho_FE_92#10;Litho_FE_92#12;Litho_FE_92#13;Litho_FE_92#16;Litho_FE_92#17;Litho_FE_92#18;Litho_FE_92#19;Litho_FE_92#20;Litho_FE_92#22;Litho_FE_92#24;Litho_FE_92#25;Litho_FE_92#4;Litho_FE_92#5;Litho_FE_92#6;Litho_FE_92#8;Litho_FE_92#9
Litho_FE_92	part_7	Litho_FE_92#0;Litho_FE_92#11;Litho_FE_92#12;Litho_FE_92#13;Litho_FE_92#14;Litho_FE_92#15;Litho_FE_92#16;Litho_FE_92#18;Litho_FE_92#19;Litho_FE_92#2;Litho_FE_92#20;Litho_FE_92#21;Litho_FE_92#22;Litho_FE_92#23;Litho_FE_92#3;Litho_FE_92#5;Litho_FE_92#7;Litho_FE_92#9
Litho_FE_92	part_8	Litho_FE_92#0;Litho_FE_92#1;Litho_FE_92#10;Litho_FE_92#11;Litho_FE_92#12;Litho_FE_92#13;Litho_FE_92#14;Litho_FE_92#17;Litho_FE_92#18;Litho_FE_92#19;Litho_FE_92#22;Litho_FE_92#24;Litho_FE_92#25;Litho_FE_92#4;Litho_FE_92#5;Litho_FE_92#6;Litho_FE_92#8;Litho_FE_92#9
Litho_FE_92	part_9	Litho_FE_92#0;Litho_FE_92#11;Litho_FE_92#12;Litho_FE_92#13;Litho_FE_92#14;Litho_FE_92#15;Litho_FE_92#16;Litho_FE_92#17;Litho_FE_92#18;Litho_FE_92#2;Litho_FE_92#20;Litho_FE_92#21;Litho_FE_92#23;Litho_FE_92#25;Litho_FE_92#3;Litho_FE_92#5;Litho_FE_92#7;Litho_FE_92#9
Litho_FE_98	part_1	Litho_FE_98#1;Litho_FE_98#2;Litho_FE_98#3
Litho_FE_98	part_10	Litho_FE_98#0;Litho_FE_98#2;Litho_FE_98#3
Litho_FE_98	part_2	Litho_FE_98#0;Litho_FE_98#2;Litho_FE_98#3
Litho_FE_98	part_3	Litho_FE_98#0;Litho_FE_98#1;Litho_FE_98#3
Litho_FE_98	part_4	Litho_FE_98#0;Litho_FE_98#1;Litho_FE_98#2
Litho_FE_98	part_5	Litho_FE_98#0;Litho_FE_98#1;Litho_FE_98#2
Litho_FE_98	part_6	Litho_FE_98#0;Litho_FE_98#2;Litho_FE_98#3
Litho_FE_98	part_7	Litho_FE_98#1;Litho_FE_98#2;Litho_FE_98#3
Litho_FE_98	part_8	Litho_FE_98#0;Litho_FE_98#1;Litho_FE_98#3
Litho_FE_98	part_9	Litho_FE_98#0;Litho_FE_98#1;Litho_FE_98#2
